"_","Name","Name_Field__c","Is_Tooling__c"
"[Metadata_Definition__c]","CustomObjectBinding","","false"
"[Metadata_Definition__c]","ForecastingGroup","","false"
"[Metadata_Definition__c]","ForecastingSourceDefinition","","false"
"[Metadata_Definition__c]","ForecastingType","","false"
"[Metadata_Definition__c]","ForecastingTypeSource","","false"
"[Metadata_Definition__c]","FuelType","","false"
"[Metadata_Definition__c]","FuelTypeSustnUom","","false"
"[Metadata_Definition__c]","FunctionReference","","false"
"[Metadata_Definition__c]","FundraisingConfig","","false"
"[Metadata_Definition__c]","GenAiFunction","","false"
"[Metadata_Definition__c]","GenAiPlannerBundle","","false"
"[Metadata_Definition__c]","GenAiPlugin","","false"
"[Metadata_Definition__c]","GenAiPromptTemplate","","false"
"[Metadata_Definition__c]","GenAiPromptTemplateActv","","false"
"[Metadata_Definition__c]","GenComputingSummaryDef","","false"
"[Metadata_Definition__c]","GeneralConfigSettings","","false"
"[Metadata_Definition__c]","GenOpPlanEligibilityConfig","","false"
"[Metadata_Definition__c]","GeocodeSettings","","false"
"[Metadata_Definition__c]","GiftEntryGridTemplate","","false"
"[Metadata_Definition__c]","GlobalValueSetTranslation","","false"
"[Metadata_Definition__c]","GRCIntelligenceUddSettings","","false"
"[Metadata_Definition__c]","HerokuAppLinkSettings","","false"
"[Metadata_Definition__c]","Icon","","false"
"[Metadata_Definition__c]","IdentityProviderSettings","","false"
"[Metadata_Definition__c]","IdentityVerificationProcDef","","false"
"[Metadata_Definition__c]","IframeWhiteListUrlSettings","","false"
"[Metadata_Definition__c]","InboundCertificate","","false"
"[Metadata_Definition__c]","IncludeEstTaxInQuoteCPQSettings","","false"
"[Metadata_Definition__c]","IncludeEstTaxInQuoteSettings","","false"
"[Metadata_Definition__c]","IndustriesChannelPartnerInventorySettings","","false"
"[Metadata_Definition__c]","IndustriesConnectedServiceSettings","","false"
"[Metadata_Definition__c]","IndustriesConstraintsSettings","","false"
"[Metadata_Definition__c]","LifeSciConfigRecord","","false"
"[Metadata_Definition__c]","LightningTypeBundle","","false"
"[Metadata_Definition__c]","LiveChatAgentConfig","","false"
"[Metadata_Definition__c]","LiveChatButton","","false"
"[Metadata_Definition__c]","LiveChatDeployment","","false"
"[Metadata_Definition__c]","LiveMessageSettings","","false"
"[Metadata_Definition__c]","LocationUse","","false"
"[Metadata_Definition__c]","LogicSettings","","false"
"[Metadata_Definition__c]","LoyaltyProgramSetup","","false"
"[Metadata_Definition__c]","ManagedTopics","","false"
"[Metadata_Definition__c]","MapReportSettings","","false"
"[Metadata_Definition__c]","MapsAndLocationSettings","","false"
"[Metadata_Definition__c]","MarketingAppExtActivity","","false"
"[Metadata_Definition__c]","MarketingAppExtension","","false"
"[Metadata_Definition__c]","MarketSegmentDefinition","","false"
"[Metadata_Definition__c]","MatchingRules","","false"
"[Metadata_Definition__c]","MediaAdSalesSettings","","false"
"[Metadata_Definition__c]","MediaAgentSettings","","false"
"[Metadata_Definition__c]","MfgProgramTemplate","","false"
"[Metadata_Definition__c]","MktCalcInsightObjectDef","","false"
"[Metadata_Definition__c]","MktDataConnection","","false"
"[Metadata_Definition__c]","MktDataConnectionParam","","false"
"[Metadata_Definition__c]","MktDataConnectionSrcParam","","false"
"[Metadata_Definition__c]","MktDataTranObject","","false"
"[Metadata_Definition__c]","MlDomain","","false"
"[Metadata_Definition__c]","MobileSecurityAssignment","","false"
"[Metadata_Definition__c]","MobileSecurityPolicy","","false"
"[Metadata_Definition__c]","MobSecurityCertPinConfig","","false"
"[Metadata_Definition__c]","ModerationRule","","false"
"[Metadata_Definition__c]","NavigationMenu","","false"
"[Metadata_Definition__c]","Network","","false"
"[Metadata_Definition__c]","NetworkBranding","","false"
"[Metadata_Definition__c]","NotificationTypeConfig","","false"
"[Metadata_Definition__c]","OauthTokenExchangeHandler","","false"
"[Metadata_Definition__c]","ObjectHierarchyRelationship","","false"
"[Metadata_Definition__c]","ObjectMappingSettings","","false"
"[Metadata_Definition__c]","ObjectSourceTargetMap","","false"
"[Metadata_Definition__c]","ObjIntegProviderDefMapping","","false"
"[Metadata_Definition__c]","OcrSampleDocument","","false"
"[Metadata_Definition__c]","OcrTemplate","","false"
"[Metadata_Definition__c]","OmniChannelSettings","","false"
"[Metadata_Definition__c]","OmniExtTrackingDef","","false"
"[Metadata_Definition__c]","OmniIntegrationProcedure","","false"
"[Metadata_Definition__c]","OmniInteractionConfig","","false"
"[Metadata_Definition__c]","OmniStudioSettings","","false"
"[Metadata_Definition__c]","OmniSupervisorConfig","","false"
"[Metadata_Definition__c]","OmniTrackingGroup","","false"
"[Metadata_Definition__c]","OnboardingDataObjectGroup","","false"
"[Metadata_Definition__c]","OnlineSalesSettings","","false"
"[Metadata_Definition__c]","OptimizationSettings","","false"
"[Metadata_Definition__c]","ParticipantRole","","false"
"[Metadata_Definition__c]","PartyProfileDataObjectValidityDefinition","","false"
"[Metadata_Definition__c]","PaymentsSharingSettings","","false"
"[Metadata_Definition__c]","PaynowStarterUpgradeEnabledSettings","","false"
"[Metadata_Definition__c]","PersonAccountOwnerPowerUser","","false"
"[Metadata_Definition__c]","PicklistValue","","false"
"[Metadata_Definition__c]","PipelineInspMetricConfig","","false"
"[Metadata_Definition__c]","PlatformSlackSettings","","false"
"[Metadata_Definition__c]","PlatformWebIdeSettings","","false"
"[Metadata_Definition__c]","PolicyRuleDefinition","","false"
"[Metadata_Definition__c]","PolicyRuleDefinitionSet","","false"
"[Metadata_Definition__c]","PortalDelegablePermissionSet","","false"
"[Metadata_Definition__c]","PresenceDeclineReason","","false"
"[Metadata_Definition__c]","PresenceUserConfig","","false"
"[Metadata_Definition__c]","PricingActionParameters","","false"
"[Metadata_Definition__c]","PricingRecipe","","false"
"[Metadata_Definition__c]","PrmCoreSettings","","false"
"[Metadata_Definition__c]","ProcedureOutputResolution","","false"
"[Metadata_Definition__c]","ProcedurePlanDefinition","","false"
"[Metadata_Definition__c]","ProductAttrDisplayConfig","","false"
"[Metadata_Definition__c]","ProductAttributeSet","","false"
"[Metadata_Definition__c]","ProductCatalogManagementSettings","","false"
"[Metadata_Definition__c]","ProductConfiguratorSettings","","false"
"[Metadata_Definition__c]","ProductDiscoverySettings","","false"
"[Metadata_Definition__c]","ProductSpecificationRecType","","false"
"[Metadata_Definition__c]","ProductSpecificationType","","false"
"[Metadata_Definition__c]","ProfilePasswordPolicy","","false"
"[Metadata_Definition__c]","ProfileSessionSetting","","false"
"[Metadata_Definition__c]","ProviderSampleLimitTemplate","","false"
"[Metadata_Definition__c]","PublicKeyCertificate","","false"
"[Metadata_Definition__c]","PublicKeyCertificateSet","","false"
"[Metadata_Definition__c]","PurchaseOrderMgmtSettings","","false"
"[Metadata_Definition__c]","QueueRoutingConfig","","false"
"[Metadata_Definition__c]","RecAlrtDataSrcExpSetDef","","false"
"[Metadata_Definition__c]","RecordAggregationDefinition","","false"
"[Metadata_Definition__c]","RecordAlertCategory","","false"
"[Metadata_Definition__c]","RecordAlertDataSource","","false"
"[Metadata_Definition__c]","RecordAlertTemplate","","false"
"[Metadata_Definition__c]","ReferencedDashboard","","false"
"[Metadata_Definition__c]","ReferralMarketingConfig","","false"
"[Metadata_Definition__c]","ReferralMarketingSettings","","false"
"[Metadata_Definition__c]","RegisteredExternalService","","false"
"[Metadata_Definition__c]","RelatedRecordAccessDef","","false"
"[Metadata_Definition__c]","RelatedRecordAssocCriteria","","false"
"[Metadata_Definition__c]","RelationshipGraphDefinition","","false"
"[Metadata_Definition__c]","ReleaseMgmtSettings","","false"
"[Metadata_Definition__c]","ReportType","","false"
"[Metadata_Definition__c]","RetrievalSummaryDefinition","","false"
"[Metadata_Definition__c]","RevenueManagementSettings","","false"
"[Metadata_Definition__c]","RiskMgmtSettings","","false"
"[Metadata_Definition__c]","RpaRobotPoolMetadata","","false"
"[Metadata_Definition__c]","SalesAgreementSettings","","false"
"[Metadata_Definition__c]","SalesDealAgentSettings","","false"
"[Metadata_Definition__c]","SalesWorkQueueSettings","","false"
"[Metadata_Definition__c]","SceGlobalModelOptOutSettings","","false"
"[Metadata_Definition__c]","SchedulingObjective","","false"
"[Metadata_Definition__c]","SchedulingRecipeSettings","","false"
"[Metadata_Definition__c]","SchedulingRule","","false"
"[Metadata_Definition__c]","ScoreCategory","","false"
"[Metadata_Definition__c]","SearchOrgWideObjectConfig","","false"
"[Metadata_Definition__c]","SecurityAgentSettings","","false"
"[Metadata_Definition__c]","SecurityHubSettings","","false"
"[Metadata_Definition__c]","SequenceServiceSettings","","false"
"[Metadata_Definition__c]","ServiceAIRecommendationsSettings","","false"
"[Metadata_Definition__c]","ServiceAISetupDefinition","","false"
"[Metadata_Definition__c]","ServiceAISetupField","","false"
"[Metadata_Definition__c]","ServiceChannel","","false"
"[Metadata_Definition__c]","ServiceCloudNotificationOrchestratorSettings","","false"
"[Metadata_Definition__c]","ServiceItsmIntelligenceUddSettings","","false"
"[Metadata_Definition__c]","ServiceLegalStatusesSettings","","false"
"[Metadata_Definition__c]","ServiceMgmtKnwlgArtclConfig","","false"
"[Metadata_Definition__c]","ServiceMgmtKnwlgArtclConfigSettings","","false"
"[Metadata_Definition__c]","ServicePresenceStatus","","false"
"[Metadata_Definition__c]","ServiceProcess","","false"
"[Metadata_Definition__c]","ServiceProcessSettings","","false"
"[Metadata_Definition__c]","ServiceScheduleConfig","","false"
"[Metadata_Definition__c]","SetupCopilotSettings","","false"
"[Metadata_Definition__c]","SharingCriteriaRule","","false"
"[Metadata_Definition__c]","SharingGuestRule","","false"
"[Metadata_Definition__c]","SharingOwnerRule","","false"
"[Metadata_Definition__c]","SharingReason","","false"
"[Metadata_Definition__c]","SharingRules","","false"
"[Metadata_Definition__c]","SharingSet","","false"
"[Metadata_Definition__c]","SharingTerritoryRule","","false"
"[Metadata_Definition__c]","SiteDotCom","","false"
"[Metadata_Definition__c]","SiteSettings","","false"
"[Metadata_Definition__c]","Skill","","false"
"[Metadata_Definition__c]","SkillType","","false"
"[Metadata_Definition__c]","SlackApp","","false"
"[Metadata_Definition__c]","SoFieldMappingSettings","","false"
"[Metadata_Definition__c]","StageAssignment","","false"
"[Metadata_Definition__c]","StageDefinition","","false"
"[Metadata_Definition__c]","StandardValue","","false"
"[Metadata_Definition__c]","StandardValueSetTranslation","","false"
"[Metadata_Definition__c]","StnryAssetEnvSrcCnfg","","false"
"[Metadata_Definition__c]","StockRotationSettings","","false"
"[Metadata_Definition__c]","StreamingAppDataConnector","","false"
"[Metadata_Definition__c]","SurveyStyleSet","","false"
"[Metadata_Definition__c]","SustainabilityUom","","false"
"[Metadata_Definition__c]","SustnUomConversion","","false"
"[Metadata_Definition__c]","SvcCatalogCategory","","false"
"[Metadata_Definition__c]","SvcCatalogFilterCriteria","","false"
"[Metadata_Definition__c]","SvcCatalogFulfillmentFlow","","false"
"[Metadata_Definition__c]","WaveLens","","false"
"[Metadata_Definition__c]","WaveRecipe","","false"
"[Metadata_Definition__c]","WaveTemplateBundle","","false"
"[Metadata_Definition__c]","WaveXmd","","false"
"[Metadata_Definition__c]","Web3Settings","","false"
"[Metadata_Definition__c]","WebApplication","","false"
"[Metadata_Definition__c]","WebApplicationSettings","","false"
"[Metadata_Definition__c]","WebStoreBundle","","false"
"[Metadata_Definition__c]","WebStoreTemplate","","false"
"[Metadata_Definition__c]","Workflow","","false"
"[Metadata_Definition__c]","WorkflowFlowAction","","false"
"[Metadata_Definition__c]","WorkflowKnowledgePublish","","false"
"[Metadata_Definition__c]","WorkflowSend","","false"
"[Metadata_Definition__c]","WorkforceEngagementSettings","","false"
"[Metadata_Definition__c]","WorkSkillRouting","","false"
"[Metadata_Definition__c]","VoiceEngagementMediaUsage","","false"
"[Metadata_Definition__c]","VoiceEngmtMediaFileAsgnt","","false"
"[Metadata_Definition__c]","WaveAnalyticAssetCollection","","false"
"[Metadata_Definition__c]","WaveApplication","","false"
"[Metadata_Definition__c]","WaveComponent","","false"
"[Metadata_Definition__c]","WaveDashboard","","false"
"[Metadata_Definition__c]","WaveDataflow","","false"
"[Metadata_Definition__c]","WaveDataset","","false"
"[Metadata_Definition__c]","InsPolicyManagementConfig","","false"
"[Metadata_Definition__c]","InsRatePlanCmsnConfig","","false"
"[Metadata_Definition__c]","InsRatePlanTypeConfig","","false"
"[Metadata_Definition__c]","InstalledPackage","","false"
"[Metadata_Definition__c]","InsuranceBrokerageSettings","","false"
"[Metadata_Definition__c]","IntegArtifactDef","","false"
"[Metadata_Definition__c]","IntegrationProviderDef","","false"
"[Metadata_Definition__c]","InterestTaggingSettings","","false"
"[Metadata_Definition__c]","InternalDataConnector","","false"
"[Metadata_Definition__c]","InventoryAllocationSettings","","false"
"[Metadata_Definition__c]","InventoryReplenishmentSettings","","false"
"[Metadata_Definition__c]","InvLatePymntRiskCalcSettings","","false"
"[Metadata_Definition__c]","IoTSettings","","false"
"[Metadata_Definition__c]","KeywordList","","false"
"[Metadata_Definition__c]","LaborCostOptimizationSettings","","false"
"[Metadata_Definition__c]","LargeQuotesandOrdersForRlmSettings","","false"
"[Metadata_Definition__c]","LearningAchievementConfig","","false"
"[Metadata_Definition__c]","LearningItemType","","false"
"[Metadata_Definition__c]","Letterhead","","false"
"[Metadata_Definition__c]","LifeSciConfigCategory","","false"
"[Metadata_Definition__c]","SvcCatalogItemDef","","false"
"[Metadata_Definition__c]","SynchronizeSettings","","false"
"[Metadata_Definition__c]","SynonymDictionary","","false"
"[Metadata_Definition__c]","Tag","","false"
"[Metadata_Definition__c]","TagSet","","false"
"[Metadata_Definition__c]","Territory","","false"
"[Metadata_Definition__c]","Territory2","","false"
"[Metadata_Definition__c]","Territory2Model","","false"
"[Metadata_Definition__c]","Territory2Rule","","false"
"[Metadata_Definition__c]","Territory2Type","","false"
"[Metadata_Definition__c]","TimelineObjectDefinition","","false"
"[Metadata_Definition__c]","TimeSheetTemplate","","false"
"[Metadata_Definition__c]","TmfOutboundNotificationSettings","","false"
"[Metadata_Definition__c]","TmshtLaborCostOptimAiSettings","","false"
"[Metadata_Definition__c]","TopicsForObjects","","false"
"[Metadata_Definition__c]","TransactionProcessingType","","false"
"[Metadata_Definition__c]","IndustriesContextSettings","","false"
"[Metadata_Definition__c]","IndustriesEnergyUtilitiesMultiSiteSettings","","false"
"[Metadata_Definition__c]","IndustriesEventOrchSettings","","false"
"[Metadata_Definition__c]","IndustriesFieldServiceSettings","","false"
"[Metadata_Definition__c]","IndustriesGamificationSettings","","false"
"[Metadata_Definition__c]","IndustriesLoyaltySettings","","false"
"[Metadata_Definition__c]","IndustriesLsCommercialSettings","","false"
"[Metadata_Definition__c]","IndustriesMfgSampleManagementSettings","","false"
"[Metadata_Definition__c]","IndustriesUsageSettings","","false"
"[Metadata_Definition__c]","IndustriesVectorSearchSettings","","false"
"[Metadata_Definition__c]","InsPlcyCoverageSpecConfig","","false"
"[Metadata_Definition__c]","InsPlcyLineOfBusConfig","","false"
"[Metadata_Definition__c]","InsPolicyLifecycleConfig","","false"
"[Metadata_Definition__c]","UiPlugin","","false"
"[Metadata_Definition__c]","UiPreviewMessageTabDef","","false"
"[Metadata_Definition__c]","UnifiedSalesIntelligenceSettings","","false"
"[Metadata_Definition__c]","UserAccessPolicy","","false"
"[Metadata_Definition__c]","UserAuthCertificate","","false"
"[Metadata_Definition__c]","UserCriteria","","false"
"[Metadata_Definition__c]","VehicleAssetEmssnSrcCnfg","","false"
"[Metadata_Definition__c]","ViewDefinition","","false"
"[Metadata_Definition__c]","VirtualVisitConfig","","false"
"[Metadata_Definition__c]","VoiceEngagementMediaFile","","false"
"[Metadata_Definition__c]","OmniInteractionAccessConfig","","false"
"[Metadata_Definition__c]","AccountForecastSettings","","false"
"[Metadata_Definition__c]","AccountingFieldMapping","","false"
"[Metadata_Definition__c]","AccountingModelConfig","","false"
"[Metadata_Definition__c]","AccountingSettings","","false"
"[Metadata_Definition__c]","AccountPlanObjMeasCalcDef","","false"
"[Metadata_Definition__c]","AccountPlanSettings","","false"
"[Metadata_Definition__c]","AccountRelationshipShareRule","","false"
"[Metadata_Definition__c]","AcctMgrTargetSettings","","false"
"[Metadata_Definition__c]","ActionableEventOrchDef","","false"
"[Metadata_Definition__c]","ActionableEventTypeDef","","false"
"[Metadata_Definition__c]","ActionableListDefinition","","false"
"[Metadata_Definition__c]","ActionPlanTemplate","","false"
"[Metadata_Definition__c]","ActivationPlatform","","false"
"[Metadata_Definition__c]","ActnblListKeyPrfmIndDef","","false"
"[Metadata_Definition__c]","AdvAccountForecastSet","","false"
"[Metadata_Definition__c]","AdvAcctForecastDimSource","","false"
"[Metadata_Definition__c]","AdvAcctForecastPeriodGroup","","false"
"[Metadata_Definition__c]","AffinityScoreDefinition","","false"
"[Metadata_Definition__c]","AgentforceAccountManagementSettings","","false"
"[Metadata_Definition__c]","AgentforceForDevelopersSettings","","false"
"[Metadata_Definition__c]","AgentPlatformSettings","","false"
"[Metadata_Definition__c]","AiAgentScorerDefinition","","false"
"[Metadata_Definition__c]","AiAuthoringBundle","","false"
"[Metadata_Definition__c]","AiEvaluationDefinition","","false"
"[Metadata_Definition__c]","AiPlannerVoiceDef","","false"
"[Metadata_Definition__c]","AiResponseFormat","","false"
"[Metadata_Definition__c]","AiResponseFormatIstr","","false"
"[Metadata_Definition__c]","AIScoringModelDefinition","","false"
"[Metadata_Definition__c]","AIScoringModelDefVersion","","false"
"[Metadata_Definition__c]","AiSurface","","false"
"[Metadata_Definition__c]","AiSurfaceInstruction","","false"
"[Metadata_Definition__c]","AIUsecaseDefinition","","false"
"[Metadata_Definition__c]","AnalyticsDashboard","","false"
"[Metadata_Definition__c]","AnalyticsDatasetDefinition","","false"
"[Metadata_Definition__c]","AnalyticSnapshot","","false"
"[Metadata_Definition__c]","AnalyticsVisualization","","false"
"[Metadata_Definition__c]","AnalyticsWorkspace","","false"
"[Metadata_Definition__c]","ApexEmailNotifications","","false"
"[Metadata_Definition__c]","ApexLimitSettings","","false"
"[Metadata_Definition__c]","AppFrameworkTemplateBundle","","false"
"[Metadata_Definition__c]","ApplicationRecordTypeConfig","","false"
"[Metadata_Definition__c]","ApplicationSubtypeDefinition","","false"
"[Metadata_Definition__c]","AppMenu","","false"
"[Metadata_Definition__c]","AppointmentAssignmentPolicy","","false"
"[Metadata_Definition__c]","AppointmentBookingSettings","","false"
"[Metadata_Definition__c]","AppointmentSchedulingPolicy","","false"
"[Metadata_Definition__c]","ApprovalProcess","","false"
"[Metadata_Definition__c]","AssessmentConfiguration","","false"
"[Metadata_Definition__c]","AssessmentQuestion","","false"
"[Metadata_Definition__c]","AssessmentQuestionSet","","false"
"[Metadata_Definition__c]","AssignmentRules","","false"
"[Metadata_Definition__c]","AssistantContextItem","","false"
"[Metadata_Definition__c]","AssistantDefinition","","false"
"[Metadata_Definition__c]","AssistantSkillQuickAction","","false"
"[Metadata_Definition__c]","AssistantSkillSobjectAction","","false"
"[Metadata_Definition__c]","AssistantVersion","","false"
"[Metadata_Definition__c]","AssociationEngineSettings","","false"
"[Metadata_Definition__c]","Audience","","false"
"[Metadata_Definition__c]","AutomatorConfigSettings","","false"
"[Metadata_Definition__c]","BatchCalcJobDefinition","","false"
"[Metadata_Definition__c]","BenefitAction","","false"
"[Metadata_Definition__c]","BillingSettings","","false"
"[Metadata_Definition__c]","BlacklistedConsumer","","false"
"[Metadata_Definition__c]","BldgEnrgyIntensityCnfg","","false"
"[Metadata_Definition__c]","Bot","","false"
"[Metadata_Definition__c]","BotBlock","","false"
"[Metadata_Definition__c]","BotBlockVersion","","false"
"[Metadata_Definition__c]","BotSettings","","false"
"[Metadata_Definition__c]","BotTemplate","","false"
"[Metadata_Definition__c]","BotVersion","","false"
"[Metadata_Definition__c]","BranchManagementSettings","","false"
"[Metadata_Definition__c]","BusinessProcessGroup","","false"
"[Metadata_Definition__c]","BusinessProcessTypeDefinition","","false"
"[Metadata_Definition__c]","CallCenterRoutingMap","","false"
"[Metadata_Definition__c]","CampaignInfluenceModel","","false"
"[Metadata_Definition__c]","CanvasMetadata","","false"
"[Metadata_Definition__c]","CareBenefitVerifySettings","","false"
"[Metadata_Definition__c]","CareLimitType","","false"
"[Metadata_Definition__c]","CareProviderAfflRoleConfig","","false"
"[Metadata_Definition__c]","CareProviderSearchConfig","","false"
"[Metadata_Definition__c]","CareRequestConfiguration","","false"
"[Metadata_Definition__c]","CareSystemFieldMapping","","false"
"[Metadata_Definition__c]","CaseSubjectParticle","","false"
"[Metadata_Definition__c]","CatalogedApi","","false"
"[Metadata_Definition__c]","CatalogedApiArtifactVersionInfo","","false"
"[Metadata_Definition__c]","CatalogedApiVersion","","false"
"[Metadata_Definition__c]","ChannelObjectLinkingRule","","false"
"[Metadata_Definition__c]","ChannelRevMgmtSettings","","false"
"[Metadata_Definition__c]","ChoiceList","","false"
"[Metadata_Definition__c]","ClaimCoverageProdtProcDef","","false"
"[Metadata_Definition__c]","ClaimFinancialSettings","","false"
"[Metadata_Definition__c]","ClaimMgmtFoundationEnabledSettings","","false"
"[Metadata_Definition__c]","ClauseCatgConfiguration","","false"
"[Metadata_Definition__c]","CMSConnectSource","","false"
"[Metadata_Definition__c]","CmsnStmtLineItemConfig","","false"
"[Metadata_Definition__c]","CmsnStmtLineItemTypConfig","","false"
"[Metadata_Definition__c]","CollectionsDashboardSettings","","false"
"[Metadata_Definition__c]","CommandAction","","false"
"[Metadata_Definition__c]","CommissionStatementConfig","","false"
"[Metadata_Definition__c]","CommunicationChannelLine","","false"
"[Metadata_Definition__c]","CommunicationChannelType","","false"
"[Metadata_Definition__c]","CommunityTemplateDefinition","","false"
"[Metadata_Definition__c]","CommunityThemeDefinition","","false"
"[Metadata_Definition__c]","ComputeExtension","","false"
"[Metadata_Definition__c]","ConnectedApp","","false"
"[Metadata_Definition__c]","ContentTypeBundle","","false"
"[Metadata_Definition__c]","ContextDefinition","","false"
"[Metadata_Definition__c]","ContextMappingConfig","","false"
"[Metadata_Definition__c]","ContextUseCaseMapping","","false"
"[Metadata_Definition__c]","ContractType","","false"
"[Metadata_Definition__c]","ConversationChannelDefinition","","false"
"[Metadata_Definition__c]","ConversationMessageDefinition","","false"
"[Metadata_Definition__c]","ConversationServiceIntegrationSettings","","false"
"[Metadata_Definition__c]","ConversationVendorInfo","","false"
"[Metadata_Definition__c]","CorsWhitelistOrigin","","false"
"[Metadata_Definition__c]","CourseWaitlistConfig","","false"
"[Metadata_Definition__c]","CriteriaSettings","","false"
"[Metadata_Definition__c]","CustomApplicationComponent","","false"
"[Metadata_Definition__c]","CustomFeedFilter","","false"
"[Metadata_Definition__c]","CustomFieldDisplay","","false"
"[Metadata_Definition__c]","CustomIndex","","false"
"[Metadata_Definition__c]","CustomMetadata","","false"
"[Metadata_Definition__c]","CustomObjectTranslation","","false"
"[Metadata_Definition__c]","CustomPageWebLink","","false"
"[Metadata_Definition__c]","CustomSite","","false"
"[Metadata_Definition__c]","CustomValue","","false"
"[Metadata_Definition__c]","DashboardFolder","","false"
"[Metadata_Definition__c]","DataCalcInsightTemplate","","false"
"[Metadata_Definition__c]","DataCategoryGroup","","false"
"[Metadata_Definition__c]","DataCleanRoomProvider","","false"
"[Metadata_Definition__c]","DataConnector","","false"
"[Metadata_Definition__c]","DataConnectorIngestApi","","false"
"[Metadata_Definition__c]","DataConnectorS3","","false"
"[Metadata_Definition__c]","DataImportManagementSettings","","false"
"[Metadata_Definition__c]","DataKitObjectDependency","","false"
"[Metadata_Definition__c]","DataKitObjectTemplate","","false"
"[Metadata_Definition__c]","DataObjectBuildOrgTemplate","","false"
"[Metadata_Definition__c]","DataObjectSearchIndexConf","","false"
"[Metadata_Definition__c]","DataPackageKitDefinition","","false"
"[Metadata_Definition__c]","DataPackageKitObject","","false"
"[Metadata_Definition__c]","DataSource","","false"
"[Metadata_Definition__c]","DataSourceBundleDefinition","","false"
"[Metadata_Definition__c]","DataSourceObject","","false"
"[Metadata_Definition__c]","DataSourceTenant","","false"
"[Metadata_Definition__c]","DataSrcDataModelFieldMap","","false"
"[Metadata_Definition__c]","DataStreamDefinition","","false"
"[Metadata_Definition__c]","DataStreamTemplate","","false"
"[Metadata_Definition__c]","DecisionMatrixDefinition","","false"
"[Metadata_Definition__c]","DecisionMatrixDefinitionVersion","","false"
"[Metadata_Definition__c]","DecisionTable","","false"
"[Metadata_Definition__c]","DecisionTableDatasetLink","","false"
"[Metadata_Definition__c]","DgtAssetMgmtProvider","","false"
"[Metadata_Definition__c]","DgtAssetMgmtPrvdLghtCpnt","","false"
"[Metadata_Definition__c]","DictionariesSettings","","false"
"[Metadata_Definition__c]","DigitalExperience","","false"
"[Metadata_Definition__c]","DigitalExperienceBundle","","false"
"[Metadata_Definition__c]","DigitalExperienceConfig","","false"
"[Metadata_Definition__c]","DisclosureDefinition","","false"
"[Metadata_Definition__c]","DisclosureDefinitionVersion","","false"
"[Metadata_Definition__c]","DisclosureType","","false"
"[Metadata_Definition__c]","DiscoveryAIModel","","false"
"[Metadata_Definition__c]","DiscoveryGoal","","false"
"[Metadata_Definition__c]","DiscoveryStory","","false"
"[Metadata_Definition__c]","DocumentCategory","","false"
"[Metadata_Definition__c]","DocumentCategoryDocumentType","","false"
"[Metadata_Definition__c]","DocumentExtractionDef","","false"
"[Metadata_Definition__c]","DocumentFolder","","false"
"[Metadata_Definition__c]","DocumentGenerationSetting","","false"
"[Metadata_Definition__c]","DocumentTemplate","","false"
"[Metadata_Definition__c]","DocumentType","","false"
"[Metadata_Definition__c]","DripFeedConfigSettings","","false"
"[Metadata_Definition__c]","DxGlobalTermsSettings","","false"
"[Metadata_Definition__c]","DynamicFulfillmentOrchestratorSettings","","false"
"[Metadata_Definition__c]","DynamicGanttSettings","","false"
"[Metadata_Definition__c]","EclairGeoData","","false"
"[Metadata_Definition__c]","EinsteinAISettings","","false"
"[Metadata_Definition__c]","EinsteinCopilotSettings","","false"
"[Metadata_Definition__c]","EinsteinGptSettings","","false"
"[Metadata_Definition__c]","EmailFolder","","false"
"[Metadata_Definition__c]","EmailTemplateFolder","","false"
"[Metadata_Definition__c]","EmbeddedServiceLiveAgent","","false"
"[Metadata_Definition__c]","EmergencySettings","","false"
"[Metadata_Definition__c]","EmployeeDataSyncProfile","","false"
"[Metadata_Definition__c]","EnablementMeasureDefinition","","false"
"[Metadata_Definition__c]","EnablementProgramDefinition","","false"
"[Metadata_Definition__c]","EnblProgramTaskSubCategory","","false"
"[Metadata_Definition__c]","EscalationRules","","false"
"[Metadata_Definition__c]","ESignatureConfig","","false"
"[Metadata_Definition__c]","ESignatureEnvelopeConfig","","false"
"[Metadata_Definition__c]","EventLogObjectSettings","","false"
"[Metadata_Definition__c]","EvfSettings","","false"
"[Metadata_Definition__c]","ExperienceBundle","","false"
"[Metadata_Definition__c]","ExperienceBundleSettings","","false"
"[Metadata_Definition__c]","ExperiencePropertyTypeBundle","","false"
"[Metadata_Definition__c]","ExplainabilityActionDefinition","","false"
"[Metadata_Definition__c]","ExplainabilityActionVersion","","false"
"[Metadata_Definition__c]","ExplainabilityMsgTemplate","","false"
"[Metadata_Definition__c]","ExpressionSetDefinition","","false"
"[Metadata_Definition__c]","ExpressionSetDefinitionVersion","","false"
"[Metadata_Definition__c]","ExpressionSetMessageToken","","false"
"[Metadata_Definition__c]","ExpressionSetObjectAlias","","false"
"[Metadata_Definition__c]","ExtDataTranFieldTemplate","","false"
"[Metadata_Definition__c]","ExtDataTranObjectTemplate","","false"
"[Metadata_Definition__c]","ExternalAIModel","","false"
"[Metadata_Definition__c]","ExternalDataConnector","","false"
"[Metadata_Definition__c]","ExternalDataTranField","","false"
"[Metadata_Definition__c]","ExternalDataTranObject","","false"
"[Metadata_Definition__c]","ExternalDocStorageConfig","","false"
"[Metadata_Definition__c]","ExternalStoragePrvdConfig","","false"
"[Metadata_Definition__c]","ExtlClntAppAttestConfigurablePolicies","","false"
"[Metadata_Definition__c]","ExtlClntAppAttestSettings","","false"
"[Metadata_Definition__c]","ExtlClntAppCanvasSettings","","false"
"[Metadata_Definition__c]","ExtlClntAppConfigurablePolicies","","false"
"[Metadata_Definition__c]","ExtlClntAppGlobalOauthSettings","","false"
"[Metadata_Definition__c]","ExtlClntAppMobileConfigurablePolicies","","false"
"[Metadata_Definition__c]","ExtlClntAppMobileSettings","","false"
"[Metadata_Definition__c]","ExtlClntAppNotificationSettings","","false"
"[Metadata_Definition__c]","ExtlClntAppOauthConfigurablePolicies","","false"
"[Metadata_Definition__c]","ExtlClntAppPushConfigurablePolicies","","false"
"[Metadata_Definition__c]","ExtlClntAppPushSettings","","false"
"[Metadata_Definition__c]","FeatureParameterBoolean","","false"
"[Metadata_Definition__c]","FeatureParameterDate","","false"
"[Metadata_Definition__c]","FeatureParameterInteger","","false"
"[Metadata_Definition__c]","FieldMappingConfig","","false"
"[Metadata_Definition__c]","FieldServiceMobileConfig","","false"
"[Metadata_Definition__c]","FieldServiceMobileExtension","","false"
"[Metadata_Definition__c]","FieldSrcTrgtRelationship","","false"
"[Metadata_Definition__c]","ForecastingFilter","","false"
"[Metadata_Definition__c]","ForecastingFilterCondition","","false"
"[Metadata_Definition__c]","ExternalClientApplication","DeveloperName","false"
"[Metadata_Definition__c]","RecordActionDeployment","DeveloperName","true"
"[Metadata_Definition__c]","EmbeddedServiceBranding","DeveloperName","true"
"[Metadata_Definition__c]","EmbeddedServiceConfig","DeveloperName","true"
"[Metadata_Definition__c]","EmbeddedServiceMenuSettings","DeveloperName","true"
"[Metadata_Definition__c]","MutingPermissionSet","DeveloperName","true"
"[Metadata_Definition__c]","MyDomainDiscoverableLogin","DeveloperName","false"
"[Metadata_Definition__c]","ActionLauncherItemDef","DeveloperName","true"
"[Metadata_Definition__c]","ActionLinkGroupTemplate","DeveloperName","false"
"[Metadata_Definition__c]","NamedCredential","DeveloperName","true"
"[Metadata_Definition__c]","AIApplication","DeveloperName","true"
"[Metadata_Definition__c]","AIApplicationConfig","DeveloperName","true"
"[Metadata_Definition__c]","EventRelayConfig","DeveloperName","true"
"[Metadata_Definition__c]","OauthCustomScope","DeveloperName","false"
"[Metadata_Definition__c]","RedirectWhitelistUrl","DeveloperName","false"
"[Metadata_Definition__c]","LeadConvertSettings","DeveloperName","true"
"[Metadata_Definition__c]","AnimationRule","DeveloperName","true"
"[Metadata_Definition__c]","TransactionSecurityPolicy","DeveloperName","true"
"[Metadata_Definition__c]","ApiNamedQuery","DeveloperName","true"
"[Metadata_Definition__c]","ExternalAuthIdentityProvider","DeveloperName","true"
"[Metadata_Definition__c]","ExternalCredential","DeveloperName","true"
"[Metadata_Definition__c]","ExternalDataSource","DeveloperName","true"
"[Metadata_Definition__c]","ExternalDataSrcDescriptor","DeveloperName","true"
"[Metadata_Definition__c]","ExternalServiceRegistration","DeveloperName","true"
"[Metadata_Definition__c]","Report","DeveloperName","false"
"[Metadata_Definition__c]","Folder","DeveloperName","false"
"[Metadata_Definition__c]","RestrictionRule","DeveloperName","true"
"[Metadata_Definition__c]","AuraDefinitionBundle","DeveloperName","true"
"[Metadata_Definition__c]","AuthProvider","DeveloperName","false"
"[Metadata_Definition__c]","BatchProcessJobDefinition","DeveloperName","true"
"[Metadata_Definition__c]","WorkflowAlert","DeveloperName","true"
"[Metadata_Definition__c]","ExtlClntAppOauthSettings","DeveloperName","false"
"[Metadata_Definition__c]","ExtlClntAppSamlConfigurablePolicies","DeveloperName","true"
"[Metadata_Definition__c]","OutboundNetworkConnection","DeveloperName","true"
"[Metadata_Definition__c]","FieldRestrictionRule","DeveloperName","true"
"[Metadata_Definition__c]","BrandingSet","DeveloperName","true"
"[Metadata_Definition__c]","BriefcaseDefinition","DeveloperName","true"
"[Metadata_Definition__c]","FieldSet","DeveloperName","true"
"[Metadata_Definition__c]","PathAssistant","DeveloperName","true"
"[Metadata_Definition__c]","FlexiPage","DeveloperName","true"
"[Metadata_Definition__c]","FlowCategory","DeveloperName","true"
"[Metadata_Definition__c]","FlowDefinition","DeveloperName","true"
"[Metadata_Definition__c]","FlowTest","DeveloperName","true"
"[Metadata_Definition__c]","PaymentGatewayProvider","DeveloperName","true"
"[Metadata_Definition__c]","Certificate","DeveloperName","true"
"[Metadata_Definition__c]","ChannelLayout","DeveloperName","true"
"[Metadata_Definition__c]","ChatterExtension","DeveloperName","false"
"[Metadata_Definition__c]","Role","DeveloperName","true"
"[Metadata_Definition__c]","CleanDataService","DeveloperName","true"
"[Metadata_Definition__c]","PermissionSetGroup","DeveloperName","true"
"[Metadata_Definition__c]","PermissionSetLicenseDefinition","DeveloperName","true"
"[Metadata_Definition__c]","GatewayProviderPaymentMethodType","DeveloperName","true"
"[Metadata_Definition__c]","PlatformCachePartition","DeveloperName","true"
"[Metadata_Definition__c]","PlatformEventChannel","DeveloperName","true"
"[Metadata_Definition__c]","CompactLayout","DeveloperName","true"
"[Metadata_Definition__c]","PlatformEventChannelMember","DeveloperName","true"
"[Metadata_Definition__c]","ContentAsset","DeveloperName","true"
"[Metadata_Definition__c]","PlatformEventSubscriberConfig","DeveloperName","true"
"[Metadata_Definition__c]","SamlSsoConfig","DeveloperName","false"
"[Metadata_Definition__c]","GlobalValueSet","DeveloperName","true"
"[Metadata_Definition__c]","SrvcMgmtObjCollabAppCnfg","DeveloperName","true"
"[Metadata_Definition__c]","Group","DeveloperName","true"
"[Metadata_Definition__c]","ConvIntelligenceSignalRule","DeveloperName","false"
"[Metadata_Definition__c]","CspTrustedSite","DeveloperName","true"
"[Metadata_Definition__c]","CustomApplication","DeveloperName","true"
"[Metadata_Definition__c]","CustomField","DeveloperName","true"
"[Metadata_Definition__c]","CustomHelpMenuSection","DeveloperName","true"
"[Metadata_Definition__c]","CustomNotificationType","DeveloperName","true"
"[Metadata_Definition__c]","CustomObject","DeveloperName","true"
"[Metadata_Definition__c]","InboundNetworkConnection","DeveloperName","true"
"[Metadata_Definition__c]","CustomPermission","DeveloperName","false"
"[Metadata_Definition__c]","CustomTab","DeveloperName","true"
"[Metadata_Definition__c]","Dashboard","DeveloperName","false"
"[Metadata_Definition__c]","SearchCustomization","DeveloperName","true"
"[Metadata_Definition__c]","Index","DeveloperName","true"
"[Metadata_Definition__c]","LightningBolt","DeveloperName","false"
"[Metadata_Definition__c]","LightningComponentBundle","DeveloperName","true"
"[Metadata_Definition__c]","LightningExperienceTheme","DeveloperName","true"
"[Metadata_Definition__c]","LightningMessageChannel","DeveloperName","true"
"[Metadata_Definition__c]","LightningOnboardingConfig","DeveloperName","true"
"[Metadata_Definition__c]","ProcessFlowMigration","DeveloperName","true"
"[Metadata_Definition__c]","ListView","DeveloperName","false"
"[Metadata_Definition__c]","InvocableActionExtension","DeveloperName","true"
"[Metadata_Definition__c]","LiveChatSensitiveDataRule","DeveloperName","false"
"[Metadata_Definition__c]","DataWeaveResource","DeveloperName","false"
"[Metadata_Definition__c]","DelegateGroup","DeveloperName","true"
"[Metadata_Definition__c]","ManagedContentType","DeveloperName","true"
"[Metadata_Definition__c]","ManagedEventSubscription","DeveloperName","true"
"[Metadata_Definition__c]","Prompt","DeveloperName","true"
"[Metadata_Definition__c]","IPAddressRange","DeveloperName","true"
"[Metadata_Definition__c]","McpServerDefinition","DeveloperName","true"
"[Metadata_Definition__c]","UserProvisioningConfig","DeveloperName","true"
"[Metadata_Definition__c]","Document","DeveloperName","true"
"[Metadata_Definition__c]","MessagingChannel","DeveloperName","false"
"[Metadata_Definition__c]","Group","DeveloperName","false"
"[Metadata_Definition__c]","QuickActionDefinition","DeveloperName","true"
"[Metadata_Definition__c]","DuplicateRule","DeveloperName","false"
"[Metadata_Definition__c]","MobileApplicationDetail","DeveloperName","false"
"[Metadata_Definition__c]","RecommendationStrategy","DeveloperName","true"
"[Metadata_Definition__c]","MobileSettings","FullName","true"
"[Metadata_Definition__c]","SearchSettings","FullName","true"
"[Metadata_Definition__c]","ApexSettings","FullName","true"
"[Metadata_Definition__c]","CustomizablePropensityScoringSettings","FullName","true"
"[Metadata_Definition__c]","AppAnalyticsSettings","FullName","true"
"[Metadata_Definition__c]","AppExperienceSettings","FullName","true"
"[Metadata_Definition__c]","WebToXSettings","FullName","true"
"[Metadata_Definition__c]","ExternalClientAppSettings","FullName","true"
"[Metadata_Definition__c]","EACSettings","FullName","true"
"[Metadata_Definition__c]","SharingSettings","FullName","true"
"[Metadata_Definition__c]","SystemNotificationSettings","FullName","true"
"[Metadata_Definition__c]","WorkflowTask","FullName","true"
"[Metadata_Definition__c]","WorkDotComSettings","FullName","true"
"[Metadata_Definition__c]","RemoteSiteSetting","FullName","true"
"[Metadata_Definition__c]","SchemaSettings","FullName","true"
"[Metadata_Definition__c]","EinsteinAgentSettings","FullName","true"
"[Metadata_Definition__c]","LicensingSettings","FullName","true"
"[Metadata_Definition__c]","IncidentMgmtSettings","FullName","true"
"[Metadata_Definition__c]","RetailExecutionSettings","FullName","true"
"[Metadata_Definition__c]","DiscoverySettings","FullName","true"
"[Metadata_Definition__c]","StandardValueSet","FullName","true"
"[Metadata_Definition__c]","OpportunityScoreSettings","FullName","true"
"[Metadata_Definition__c]","OpportunitySettings","FullName","true"
"[Metadata_Definition__c]","EmailAdministrationSettings","FullName","true"
"[Metadata_Definition__c]","EinsteinAssistantSettings","FullName","true"
"[Metadata_Definition__c]","OrderManagementSettings","FullName","true"
"[Metadata_Definition__c]","KnowledgeGenerationSettings","FullName","true"
"[Metadata_Definition__c]","OrderSettings","FullName","true"
"[Metadata_Definition__c]","BlockchainSettings","FullName","true"
"[Metadata_Definition__c]","OrgSettings","FullName","true"
"[Metadata_Definition__c]","IndustriesAutomotiveSettings","FullName","true"
"[Metadata_Definition__c]","PrivacySettings","FullName","true"
"[Metadata_Definition__c]","PardotEinsteinSettings","FullName","true"
"[Metadata_Definition__c]","PardotSettings","FullName","true"
"[Metadata_Definition__c]","BusinessHoursSettings","FullName","true"
"[Metadata_Definition__c]","PartyDataModelSettings","FullName","true"
"[Metadata_Definition__c]","Territory2Settings","FullName","true"
"[Metadata_Definition__c]","FieldServiceSettings","FullName","true"
"[Metadata_Definition__c]","DataDotComSettings","FullName","true"
"[Metadata_Definition__c]","CampaignSettings","FullName","true"
"[Metadata_Definition__c]","MeetingsSettings","FullName","true"
"[Metadata_Definition__c]","FilesConnectSettings","FullName","true"
"[Metadata_Definition__c]","FileUploadAndDownloadSecuritySettings","FullName","true"
"[Metadata_Definition__c]","DocumentChecklistSettings","FullName","true"
"[Metadata_Definition__c]","Flow","FullName","true"
"[Metadata_Definition__c]","LightningExperienceSettings","FullName","true"
"[Metadata_Definition__c]","RecommendationBuilderSettings","FullName","true"
"[Metadata_Definition__c]","CaseSettings","FullName","true"
"[Metadata_Definition__c]","FlowSettings","FullName","true"
"[Metadata_Definition__c]","EinsteinDealInsightsSettings","FullName","true"
"[Metadata_Definition__c]","PathAssistantSettings","FullName","true"
"[Metadata_Definition__c]","MfgServiceConsoleSettings","FullName","true"
"[Metadata_Definition__c]","KnowledgeSettings","FullName","true"
"[Metadata_Definition__c]","PaymentsManagementEnabledSettings","FullName","true"
"[Metadata_Definition__c]","ForecastingObjectListSettings","FullName","true"
"[Metadata_Definition__c]","ChatterAnswersSettings","FullName","true"
"[Metadata_Definition__c]","ChatterEmailsMDSettings","FullName","true"
"[Metadata_Definition__c]","LiveAgentSettings","FullName","true"
"[Metadata_Definition__c]","ChatterSettings","FullName","true"
"[Metadata_Definition__c]","ForecastingSettings","FullName","true"
"[Metadata_Definition__c]","PaymentsSettings","FullName","true"
"[Metadata_Definition__c]","IndustriesManufacturingSettings","FullName","true"
"[Metadata_Definition__c]","UserManagementSettings","FullName","true"
"[Metadata_Definition__c]","FormulaSettings","FullName","true"
"[Metadata_Definition__c]","SecuritySettings","FullName","true"
"[Metadata_Definition__c]","EinsteinDocumentCaptureSettings","FullName","true"
"[Metadata_Definition__c]","InventorySettings","FullName","true"
"[Metadata_Definition__c]","CodeBuilderSettings","FullName","true"
"[Metadata_Definition__c]","SocialCustomerServiceSettings","FullName","true"
"[Metadata_Definition__c]","InvocableActionSettings","FullName","true"
"[Metadata_Definition__c]","CommerceSettings","FullName","true"
"[Metadata_Definition__c]","PicklistSettings","FullName","true"
"[Metadata_Definition__c]","CommsServiceConsoleSettings","FullName","true"
"[Metadata_Definition__c]","SourceTrackingSettings","FullName","true"
"[Metadata_Definition__c]","CommunitiesSettings","FullName","true"
"[Metadata_Definition__c]","QuickTextSettings","FullName","true"
"[Metadata_Definition__c]","SubscriptionManagementSettings","FullName","true"
"[Metadata_Definition__c]","ProductSettings","FullName","true"
"[Metadata_Definition__c]","CompanySettings","FullName","true"
"[Metadata_Definition__c]","SurveySettings","FullName","true"
"[Metadata_Definition__c]","PlatformEventSettings","FullName","true"
"[Metadata_Definition__c]","ConnectedAppSettings","FullName","true"
"[Metadata_Definition__c]","MacroSettings","FullName","true"
"[Metadata_Definition__c]","ContentSettings","FullName","true"
"[Metadata_Definition__c]","DynamicFormsSettings","FullName","true"
"[Metadata_Definition__c]","DeploymentSettings","FullName","true"
"[Metadata_Definition__c]","SandboxSettings","FullName","true"
"[Metadata_Definition__c]","DevHubSettings","FullName","true"
"[Metadata_Definition__c]","ContractSettings","FullName","true"
"[Metadata_Definition__c]","MailMergeSettings","FullName","true"
"[Metadata_Definition__c]","ConversationalIntelligenceSettings","FullName","true"
"[Metadata_Definition__c]","GoogleAppsSettings","FullName","true"
"[Metadata_Definition__c]","EmailIntegrationSettings","FullName","true"
"[Metadata_Definition__c]","QuoteSettings","FullName","true"
"[Metadata_Definition__c]","EmailTemplateSettings","FullName","true"
"[Metadata_Definition__c]","AccountIntelligenceSettings","FullName","true"
"[Metadata_Definition__c]","IndustriesEinsteinFeatureSettings","FullName","true"
"[Metadata_Definition__c]","RealTimeEventSettings","FullName","true"
"[Metadata_Definition__c]","EmbeddedServiceFlowConfig","FullName","true"
"[Metadata_Definition__c]","AccountSettings","FullName","true"
"[Metadata_Definition__c]","LanguageSettings","FullName","true"
"[Metadata_Definition__c]","HighVelocitySalesSettings","FullName","true"
"[Metadata_Definition__c]","VoiceSettings","FullName","true"
"[Metadata_Definition__c]","CurrencySettings","FullName","true"
"[Metadata_Definition__c]","EmployeeFieldAccessSettings","FullName","true"
"[Metadata_Definition__c]","ActionsSettings","FullName","true"
"[Metadata_Definition__c]","EmployeeUserSettings","FullName","true"
"[Metadata_Definition__c]","ActivitiesSettings","FullName","true"
"[Metadata_Definition__c]","MyDomainSettings","FullName","true"
"[Metadata_Definition__c]","AddressSettings","FullName","true"
"[Metadata_Definition__c]","CustomAddressFieldSettings","FullName","true"
"[Metadata_Definition__c]","NameSettings","FullName","true"
"[Metadata_Definition__c]","EnhancedNotesSettings","FullName","true"
"[Metadata_Definition__c]","EntitlementSettings","FullName","true"
"[Metadata_Definition__c]","UserEngagementSettings","FullName","true"
"[Metadata_Definition__c]","Ai4mSettings","FullName","true"
"[Metadata_Definition__c]","ServiceSetupAssistantSettings","FullName","true"
"[Metadata_Definition__c]","PortalsSettings","FullName","true"
"[Metadata_Definition__c]","LeadConfigSettings","FullName","true"
"[Metadata_Definition__c]","EssentialsSettings","FullName","true"
"[Metadata_Definition__c]","NotificationsSettings","FullName","true"
"[Metadata_Definition__c]","AIReplyRecommendationsSettings","FullName","true"
"[Metadata_Definition__c]","CustomerDataPlatformSettings","FullName","true"
"[Metadata_Definition__c]","EventSettings","FullName","true"
"[Metadata_Definition__c]","RecordPageSettings","FullName","true"
"[Metadata_Definition__c]","IdeasSettings","FullName","true"
"[Metadata_Definition__c]","OauthOidcSettings","FullName","true"
"[Metadata_Definition__c]","WarrantyLifecycleMgmtSettings","FullName","true"
"[Metadata_Definition__c]","ObjectLinkingSettings","FullName","true"
"[Metadata_Definition__c]","TrailheadSettings","FullName","true"
"[Metadata_Definition__c]","AnalyticsSettings","FullName","true"
"[Metadata_Definition__c]","UserInterfaceSettings","FullName","true"
"[Metadata_Definition__c]","ServiceCloudVoiceSettings","FullName","true"
"[Metadata_Definition__c]","PredictionBuilderSettings","FullName","true"
"[Metadata_Definition__c]","OmniChannelPricingSettings","FullName","true"
"[Metadata_Definition__c]","EmailServicesFunction","FunctionName","false"
"[Metadata_Definition__c]","ApexClass","Name","true"
"[Metadata_Definition__c]","BusinessProcess","Name","true"
"[Metadata_Definition__c]","ApexComponent","Name","true"
"[Metadata_Definition__c]","ExternalString","Name","true"
"[Metadata_Definition__c]","CallCenter","Name","false"
"[Metadata_Definition__c]","Layout","Name","true"
"[Metadata_Definition__c]","PermissionSet","Name","true"
"[Metadata_Definition__c]","ApexPage","Name","true"
"[Metadata_Definition__c]","WorkflowFieldUpdate","Name","true"
"[Metadata_Definition__c]","OmniDataTransform","Name","false"
"[Metadata_Definition__c]","HomePageComponent","Name","true"
"[Metadata_Definition__c]","HomePageLayout","Name","true"
"[Metadata_Definition__c]","StaticResource","Name","true"
"[Metadata_Definition__c]","WorkflowRule","Name","true"
"[Metadata_Definition__c]","RecordType","Name","true"
"[Metadata_Definition__c]","EmailTemplate","Name","true"
"[Metadata_Definition__c]","ApexTrigger","Name","true"
"[Metadata_Definition__c]","WorkflowOutboundMessage","Name","true"
"[Metadata_Definition__c]","SlaProcess","Name","false"
"[Metadata_Definition__c]","AutoResponseRule","Name","false"
"[Metadata_Definition__c]","Community","Name","false"
"[Metadata_Definition__c]","EntitlementTemplate","Name","false"
"[Metadata_Definition__c]","MilestoneType","Name","false"
"[Metadata_Definition__c]","PostTemplate","Name","true"
"[Metadata_Definition__c]","OmniProcess","Name","false"
"[Metadata_Definition__c]","OmniUiCard","Name","false"
"[Metadata_Definition__c]","Profile","Name","true"
"[Metadata_Definition__c]","WebLink","Name","true"
"[Metadata_Definition__c]","CallCoachingMediaProvider","ProviderName","false"
"[Metadata_Definition__c]","ApexTestSuite","TestSuiteName","true"
"[Metadata_Definition__c]","ValidationRule","ValidationName","true"